Date,Open,High,Low,Last,Close,Total Trade Quantity,Turnover (Lacs)
2016-06-17,132.6,135.4,127.0,128.0,127.95,108702.0,141.42
2016-06-16,132.1,136.0,128.0,130.5,130.25,188369.0,247.9
2016-06-15,137.15,139.4,133.5,134.1,135.6,166196.0,227.92
2016-06-14,135.3,140.0,135.0,136.5,135.95,155522.0,213.03
2016-06-13,127.4,140.05,122.0,134.0,134.05,397884.0,530.45
2016-06-10,131.55,133.75,121.1,127.4,127.35,119664.0,154.44
2016-06-09,134.9,136.45,130.75,133.0,131.95,78198.0,103.66
2016-06-08,135.6,141.45,133.0,133.7,134.85,192065.0,263.48
2016-06-07,137.0,142.0,130.7,133.0,133.85,193068.0,261.7
2016-06-06,145.0,149.85,133.1,136.7,136.55,244591.0,343.93
2016-06-03,146.5,150.85,133.2,144.2,144.4,581476.0,853.29
2016-06-02,134.0,137.15,133.4,137.15,137.15,251024.0,342.22
2016-06-01,124.9,130.65,120.1,130.65,130.65,482093.0,625.82
2016-05-31,130.1,132.8,124.25,124.25,124.45,107994.0,138.18
2016-05-30,128.0,132.1,124.0,130.05,130.75,140025.0,180.62
2016-05-27,131.0,133.95,127.55,127.55,127.55,260878.0,337.06
2016-05-26,142.3,146.75,132.85,132.85,134.25,739251.0,1060.8
2016-05-25,126.5,139.8,126.5,139.8,139.8,805402.0,1079.83
2016-05-24,133.15,133.15,133.15,133.15,133.15,12692.0,16.9
2016-05-23,140.15,140.15,140.15,140.15,140.15,16723.0,23.44
2016-05-20,157.9,158.8,147.5,147.5,147.5,124648.0,188.8
2016-05-19,155.25,155.25,150.0,155.25,155.25,240680.0,372.55
2016-05-18,147.9,147.9,143.0,147.9,147.9,60513.0,89.41
2016-05-17,129.15,140.9,124.1,140.9,140.9,852355.0,1156.09
2016-05-16,126.15,130.0,114.0,127.9,128.1,902180.0,1126.55
2016-05-13,122.25,128.5,110.3,123.0,124.1,2573081.0,3112.98
2016-05-12,111.7,116.85,109.0,116.85,116.85,1200805.0,1389.12
2016-05-11,98.0,106.25,91.3,106.25,106.25,2289926.0,2347.89
2016-05-10,87.0,88.55,84.0,88.55,88.55,461904.0,401.85
2016-05-09,73.8,73.8,73.8,73.8,73.8,88968.0,65.66
2016-05-06,65.0,66.1,60.65,61.7,61.5,98557.0,61.62
2016-05-05,64.15,67.8,63.9,65.3,64.65,80750.0,53.09
2016-05-04,66.2,69.3,63.0,65.8,65.8,112487.0,75.01
2016-05-03,61.15,68.85,60.1,66.0,66.0,388290.0,258.49
2016-05-02,59.0,60.85,55.65,59.5,59.6,65351.0,37.95
2016-04-29,58.0,59.9,56.3,58.5,59.0,22604.0,13.23
2016-04-28,58.5,60.8,57.25,59.1,58.65,24627.0,14.45
2016-04-27,61.25,61.25,58.65,59.7,59.1,37428.0,22.51
2016-04-26,60.1,62.2,58.55,60.8,61.0,44740.0,27.43
2016-04-25,57.0,60.45,57.0,60.35,59.9,39845.0,23.58
2016-04-22,56.4,61.5,55.35,58.85,58.3,89341.0,53.33
2016-04-21,60.0,62.0,53.0,56.65,56.95,93577.0,52.92
2016-04-20,63.8,64.25,59.2,59.3,59.55,100538.0,60.8
2016-04-18,65.0,65.95,63.85,64.1,64.15,35001.0,22.6
2016-04-13,64.8,67.55,64.2,65.2,65.0,94470.0,62.56
2016-04-12,65.95,66.5,64.2,64.95,64.8,46192.0,30.08
2016-04-11,66.7,68.4,64.0,65.0,65.0,75293.0,49.72
2016-04-08,63.0,66.45,62.3,64.2,64.15,100803.0,65.4
2016-04-07,64.0,67.9,62.95,63.7,63.65,120563.0,78.41
2016-04-06,60.15,66.9,60.15,64.0,63.85,131936.0,84.94
2016-04-05,61.25,64.4,59.25,59.95,60.15,108979.0,66.84
2016-04-04,68.9,69.7,58.65,61.55,61.5,352637.0,226.53
2016-04-01,53.7,64.5,53.7,64.5,64.5,240948.0,151.87
2016-03-31,54.0,54.8,53.1,53.1,53.75,20623.0,11.15
2016-03-30,53.25,58.05,53.25,54.6,54.45,25766.0,14.16
2016-03-29,51.8,54.05,51.8,52.5,52.8,5785.0,3.06
2016-03-28,55.5,55.5,53.5,53.8,53.9,27652.0,14.93
2016-03-23,52.5,55.3,52.5,53.55,53.4,15844.0,8.54
2016-03-22,55.05,55.5,52.0,53.35,53.6,58469.0,31.46
2016-03-21,51.6,57.3,51.5,55.0,54.9,75814.0,42.08
2016-03-18,52.6,53.75,52.1,52.8,52.75,11577.0,6.13
2016-03-17,52.5,54.5,51.6,52.1,52.55,20664.0,10.99
2016-03-16,54.0,54.5,52.1,53.35,53.0,14217.0,7.57
2016-03-15,56.65,57.9,54.0,54.05,54.65,35886.0,19.66
2016-03-14,58.7,58.7,55.6,56.15,56.65,53430.0,30.52
2016-03-11,56.0,58.0,54.65,56.45,56.65,44551.0,25.1
2016-03-10,54.5,57.1,53.5,55.2,54.5,43335.0,23.84
2016-03-09,51.5,56.05,50.15,56.0,54.95,93924.0,50.27
2016-03-08,53.0,54.5,50.0,53.0,52.75,60615.0,31.89
2016-03-04,50.0,53.65,48.0,53.5,53.0,95891.0,50.51
2016-03-03,48.8,49.55,47.25,49.5,48.8,50075.0,24.45
2016-03-02,47.5,47.5,47.5,47.5,47.5,4494.0,2.13
2016-03-01,43.75,45.25,43.0,45.25,45.25,19284.0,8.7
2016-02-29,43.15,45.3,42.65,42.8,43.1,55201.0,24.34
2016-02-26,41.5,44.8,41.5,44.8,44.8,66064.0,29.45
2016-02-25,41.55,44.15,41.55,42.7,42.7,21112.0,8.94
2016-02-24,44.9,45.4,43.05,43.3,43.2,38210.0,16.59
2016-02-23,45.5,45.95,44.0,45.0,45.3,88742.0,40.43
2016-02-22,41.6,43.8,41.6,43.8,43.8,8272.0,3.59
2016-02-19,41.25,43.85,41.0,42.65,41.75,16952.0,7.12
2016-02-18,45.2,45.85,41.75,42.2,42.15,42773.0,18.79
2016-02-17,41.2,44.9,40.7,44.35,43.85,78706.0,32.74
2016-02-16,46.0,46.4,42.8,42.8,42.8,60099.0,26.05
2016-02-15,44.0,45.5,41.6,44.9,45.05,171063.0,77.36
2016-02-12,43.8,43.8,43.35,43.35,43.35,4428.0,1.92
2016-02-11,46.55,46.8,45.6,45.6,45.6,43132.0,19.79
2016-02-10,52.5,52.5,48.0,48.0,48.0,45852.0,22.57
2016-02-09,49.85,51.9,49.4,50.4,50.5,95891.0,48.25
2016-02-08,52.5,53.4,49.4,52.0,51.65,93688.0,48.37
2016-02-05,53.0,55.0,52.0,52.0,52.0,100199.0,52.49
2016-02-04,59.95,60.4,54.7,54.7,54.7,273824.0,156.78
2016-02-03,51.0,57.55,50.0,57.55,57.55,541734.0,306.54
2016-02-02,47.4,52.35,46.7,52.35,52.35,540168.0,279.46
2016-02-01,48.75,48.75,46.25,47.4,47.6,116976.0,55.33
2016-01-29,52.0,52.0,45.7,47.65,48.75,494565.0,240.93
2016-01-28,45.0,47.9,45.0,47.9,47.9,580201.0,271.65
2016-01-27,43.0,43.55,43.0,43.55,43.55,166863.0,72.29
2016-01-25,36.3,36.3,36.3,36.3,36.3,27834.0,10.1
2016-01-22,29.55,31.4,29.55,30.6,30.25,38083.0,11.58
2016-01-21,29.95,30.5,28.55,29.6,29.1,21642.0,6.36
2016-01-20,28.8,29.3,28.3,29.25,28.85,22559.0,6.52
2016-01-19,29.0,29.5,28.1,29.35,29.15,67965.0,19.71
2016-01-18,28.2,31.0,28.0,28.5,28.85,55462.0,16.27
2016-01-15,33.3,35.2,32.3,32.3,32.45,44951.0,15.14
2016-01-14,33.3,34.6,33.15,34.2,33.95,22097.0,7.53
2016-01-13,37.25,38.4,32.95,34.85,34.6,75533.0,26.29
2016-01-12,37.85,39.8,36.5,36.85,37.0,72878.0,27.25
2016-01-11,38.5,39.8,36.7,37.0,36.9,99775.0,37.52
2016-01-08,41.1,42.0,38.25,38.9,39.05,95653.0,38.44
2016-01-07,38.8,44.9,35.45,39.6,40.35,515339.0,215.3
2016-01-06,39.1,41.9,38.4,39.0,39.2,114652.0,45.63
2016-01-05,34.35,40.4,34.35,38.6,38.6,158835.0,60.91
2016-01-04,34.0,37.25,34.0,34.1,34.65,44006.0,15.66
2016-01-01,34.45,35.45,33.65,34.15,34.3,16301.0,5.62
2015-12-31,34.5,35.0,34.3,34.3,34.7,10177.0,3.53
2015-12-30,34.1,35.7,34.1,34.45,34.6,9641.0,3.35
2015-12-29,34.35,35.5,34.2,35.05,35.35,15618.0,5.47
2015-12-28,35.45,35.5,34.0,34.7,34.8,21913.0,7.62
2015-12-24,33.35,35.8,33.25,34.8,34.4,53518.0,18.64
2015-12-23,34.75,34.75,33.1,33.75,33.25,15893.0,5.39
2015-12-22,34.0,34.15,33.1,34.0,33.75,26336.0,8.86
2015-12-21,33.8,35.45,33.05,33.5,33.55,43717.0,14.93
2015-12-18,32.0,35.85,32.0,32.7,33.25,42196.0,14.41
2015-12-17,32.7,32.7,32.1,32.7,32.55,7949.0,2.58
2015-12-16,32.3,32.9,32.0,32.0,32.05,5551.0,1.79
2015-12-15,31.2,33.4,31.1,32.35,32.15,25815.0,8.23
2015-12-14,31.0,32.35,30.1,31.7,30.8,11083.0,3.43
2015-12-11,32.45,32.6,31.25,31.3,31.5,8261.0,2.61
2015-12-10,30.95,32.5,30.25,32.5,32.2,18721.0,5.87
2015-12-09,31.95,32.5,30.0,30.5,30.45,51683.0,15.92
2015-12-08,33.65,33.7,31.95,31.95,32.2,26081.0,8.5
2015-12-07,34.0,34.9,32.65,33.0,33.4,40797.0,13.83
2015-12-04,34.5,35.0,33.3,33.5,33.8,34540.0,11.78
2015-12-03,35.5,36.05,34.5,34.9,34.9,42086.0,14.91
2015-12-02,37.9,39.7,35.4,36.0,35.9,65672.0,23.94
2015-12-01,39.8,41.9,35.45,36.3,36.75,197555.0,76.42
2015-11-30,32.25,38.45,32.2,38.45,38.4,161632.0,58.97
2015-11-27,32.5,33.8,31.5,32.0,32.05,14098.0,4.58
2015-11-26,32.9,33.9,32.55,33.1,32.85,16277.0,5.41
2015-11-24,30.5,34.75,30.5,32.6,32.55,51353.0,17.17
2015-11-23,29.9,31.0,29.05,30.55,30.8,27682.0,8.39
2015-11-20,30.0,30.0,28.85,29.15,29.25,37997.0,11.15
2015-11-19,30.4,30.4,29.5,29.75,29.7,21558.0,6.4
2015-11-18,30.6,30.75,29.35,29.9,29.65,32792.0,9.84
2015-11-17,30.75,30.75,29.3,29.5,29.6,8624.0,2.57
2015-11-16,30.0,30.2,29.15,29.3,29.4,18733.0,5.56
2015-11-13,31.95,31.95,29.5,30.35,30.3,6281.0,1.89
2015-11-11,30.0,30.8,29.6,30.05,30.2,3466.0,1.05
2015-11-10,31.25,31.25,29.8,30.1,30.1,5464.0,1.67
2015-11-09,29.8,30.8,29.0,30.3,30.6,27029.0,8.09
2015-11-06,32.3,32.3,29.65,30.3,30.1,17220.0,5.21
2015-11-05,31.5,31.65,30.2,30.2,30.65,9833.0,3.03
2015-11-04,32.4,32.4,30.7,31.15,31.1,9745.0,3.08
2015-11-03,32.0,33.5,31.75,31.75,32.05,9015.0,2.91
2015-11-02,35.1,35.1,31.1,32.0,31.7,17886.0,5.71
2015-10-30,32.5,35.3,32.2,32.5,32.85,25094.0,8.4
2015-10-29,34.5,34.5,32.2,32.2,32.7,10018.0,3.32
2015-10-28,33.1,33.35,31.7,32.7,32.35,15025.0,4.92
2015-10-27,33.5,33.75,32.05,32.85,32.4,16807.0,5.5
2015-10-26,33.65,35.1,33.05,33.95,33.75,31794.0,10.8
2015-10-23,35.35,35.35,33.3,33.3,33.4,42969.0,14.63
2015-10-21,37.0,37.0,35.1,35.1,35.3,24928.0,8.95
2015-10-20,37.95,38.65,35.55,36.4,36.15,21524.0,7.9
2015-10-19,38.55,39.9,37.3,37.4,37.75,12831.0,4.92
2015-10-16,38.25,40.8,37.0,38.8,38.55,36081.0,14.03
2015-10-15,38.4,40.0,37.15,38.5,38.35,41032.0,15.88
2015-10-14,39.6,40.65,35.8,36.75,37.05,86628.0,32.82
2015-10-13,39.3,42.4,38.7,39.5,39.45,460385.0,186.21
2015-10-12,31.4,37.35,31.1,37.35,37.3,152986.0,55.16
2015-10-09,32.1,32.65,31.1,31.2,31.15,10839.0,3.42
2015-10-08,33.25,33.25,31.5,31.7,31.95,6550.0,2.11
2015-10-07,33.65,33.65,31.55,32.2,32.1,10235.0,3.32
2015-10-06,33.65,33.85,31.55,32.95,32.1,25768.0,8.6
2015-10-05,31.45,32.95,29.3,32.95,32.6,50721.0,16.3
2015-10-01,30.25,30.5,29.65,30.0,30.0,5273.0,1.59
2015-09-30,30.25,30.25,29.55,29.7,29.7,4675.0,1.39
2015-09-29,30.0,30.0,29.15,30.0,29.9,4434.0,1.31
2015-09-28,29.35,30.9,29.1,30.05,30.4,4657.0,1.4
2015-09-24,29.45,30.85,28.3,30.6,30.25,5192.0,1.53
2015-09-23,30.3,30.8,29.4,30.0,30.0,8634.0,2.61
2015-09-22,31.5,31.5,30.2,30.4,30.3,15941.0,4.85
2015-09-21,31.6,31.6,30.1,30.2,30.2,7975.0,2.42
2015-09-18,30.2,31.3,30.15,30.25,30.25,10527.0,3.25
2015-09-16,30.9,30.9,30.1,30.2,30.1,6642.0,2.01
2015-09-15,29.9,30.95,29.9,30.7,30.7,1378.0,0.42
2015-09-14,30.05,31.85,28.3,30.0,29.6,53181.0,15.96
2015-09-11,31.8,31.8,29.55,30.85,30.65,13875.0,4.22
2015-09-10,29.5,30.9,29.5,30.9,30.85,19637.0,6.01
2015-09-09,32.7,32.7,30.55,30.75,30.9,10961.0,3.43
2015-09-08,28.85,30.25,27.5,29.2,29.9,13458.0,3.9
2015-09-07,30.7,30.7,28.5,28.5,29.1,24157.0,7.18
2015-09-04,27.65,30.35,27.65,28.35,28.25,17214.0,4.86
2015-09-03,28.6,30.5,28.6,29.4,29.4,5003.0,1.49
2015-09-02,30.0,30.1,28.9,29.0,29.2,13862.0,4.09
2015-09-01,31.75,31.8,29.6,30.9,29.95,4295.0,1.31
2015-08-31,32.15,32.4,30.1,31.15,31.15,9530.0,3.02
2015-08-28,28.3,30.9,28.3,30.9,30.9,8138.0,2.51
2015-08-27,27.2,29.45,27.2,29.45,29.45,5520.0,1.62
2015-08-26,28.9,28.95,27.9,28.05,28.05,19433.0,5.47
2015-08-25,30.0,30.7,29.2,29.2,29.2,22518.0,6.59
2015-08-24,31.3,31.3,30.7,30.7,30.7,9709.0,2.99
2015-08-21,32.8,33.0,31.3,31.9,32.3,15144.0,4.9
2015-08-20,34.0,34.8,32.25,32.25,32.35,25539.0,8.6
2015-08-19,33.8,33.9,33.0,33.9,33.9,13139.0,4.43
2015-08-18,33.0,34.35,32.3,32.3,32.3,14550.0,4.79
2015-08-17,32.25,33.9,31.75,33.65,33.4,9753.0,3.23
2015-08-14,32.65,33.2,31.3,33.2,32.7,20729.0,6.69
2015-08-13,33.5,33.5,32.45,32.85,32.7,17404.0,5.72
2015-08-12,33.5,34.1,32.65,32.7,32.75,22375.0,7.44
2015-08-11,34.1,35.8,34.1,34.15,34.35,43093.0,14.9
2015-08-10,36.15,36.2,34.7,34.7,34.7,57214.0,20.2
2015-08-07,34.0,36.65,34.0,35.65,36.5,101952.0,37.09
2015-08-06,34.5,36.8,34.0,34.85,34.95,94163.0,33.02
2015-08-05,38.1,39.65,37.55,37.55,37.55,49638.0,18.85
2015-08-04,41.7,42.9,41.7,41.7,41.7,93557.0,39.06
2015-08-03,44.35,46.75,44.2,46.1,46.3,79190.0,36.37
2015-07-31,44.7,46.8,43.8,44.05,44.15,63831.0,28.79
2015-07-30,45.1,47.05,44.05,45.0,44.75,71151.0,32.39
2015-07-29,48.0,49.5,44.5,44.8,45.0,100947.0,47.03
2015-07-28,51.95,53.3,46.6,47.85,48.8,137034.0,69.53
2015-07-27,44.0,52.7,42.25,50.5,50.55,376953.0,186.03
2015-07-24,46.65,49.5,43.4,43.85,44.35,372570.0,172.55
2015-07-23,39.5,45.4,38.15,45.4,45.4,575048.0,248.1
2015-07-22,32.0,37.85,32.0,37.85,37.85,274589.0,101.52
2015-07-21,31.0,32.7,31.0,31.55,31.55,21777.0,6.98
2015-07-20,33.0,33.3,30.45,30.45,30.95,152989.0,48.18
2015-07-17,33.3,33.9,31.85,32.65,32.55,24373.0,8.01
2015-07-16,34.45,34.45,32.0,32.95,32.45,13410.0,4.41
2015-07-15,33.8,34.1,32.85,33.4,32.95,20969.0,7.03
2015-07-14,33.35,33.8,32.7,33.65,33.6,13793.0,4.59
2015-07-13,31.6,33.25,31.6,32.45,32.4,17494.0,5.64
2015-07-10,32.55,33.45,32.0,33.4,33.3,14075.0,4.6
2015-07-09,32.0,34.4,30.3,32.8,32.8,6557.0,2.18
2015-07-08,34.2,34.2,32.0,32.7,32.45,25923.0,8.56
2015-07-07,33.95,35.0,33.3,33.5,33.65,23776.0,8.18
2015-07-06,33.65,34.7,31.5,33.9,33.8,36384.0,12.07
2015-07-03,34.45,35.3,33.55,33.65,34.05,7704.0,2.64
2015-07-02,34.75,35.5,33.75,34.25,34.35,10607.0,3.66
2015-07-01,35.65,37.75,33.35,34.15,34.35,39970.0,14.22
2015-06-30,37.7,37.7,35.6,36.5,36.1,44086.0,16.07
2015-06-29,34.05,37.9,30.75,34.95,35.15,73876.0,25.9
2015-06-26,31.75,35.3,31.0,34.85,34.7,118333.0,40.27
2015-06-25,33.85,33.85,31.35,31.8,31.95,34285.0,11.06
2015-06-24,30.0,34.1,28.8,33.35,33.7,192015.0,64.56
2015-06-23,25.8,29.85,25.25,28.75,28.45,47207.0,13.19
2015-06-22,26.9,27.0,25.0,25.15,25.2,8009.0,2.04
2015-06-19,26.0,26.0,24.65,25.2,25.2,10681.0,2.68
2015-06-18,24.8,25.6,24.45,24.45,24.65,3714.0,0.93
2015-06-17,25.55,25.8,24.65,25.0,25.2,535.0,0.13
2015-06-16,25.0,25.4,22.7,24.75,24.45,5700.0,1.42
2015-06-15,27.9,27.9,25.0,25.5,25.45,6201.0,1.59
2015-06-12,26.2,26.2,24.1,25.85,25.35,4703.0,1.18
2015-06-11,26.1,26.2,25.1,25.45,25.45,10761.0,2.76
2015-06-10,25.5,26.8,25.5,26.0,26.0,4136.0,1.07
2015-06-09,26.85,26.85,25.65,26.0,26.05,7520.0,1.96
2015-06-08,27.0,27.15,26.0,26.0,26.2,4232.0,1.12
2015-06-05,28.3,28.3,25.6,26.5,26.5,5523.0,1.46
2015-06-04,25.65,26.25,25.3,25.95,25.65,11541.0,2.98
2015-06-03,26.75,28.0,25.2,25.9,25.85,18682.0,4.95
2015-06-02,28.0,28.0,26.55,27.0,26.75,3076.0,0.82
2015-06-01,27.4,27.95,26.9,26.9,26.9,7596.0,2.07
2015-05-29,28.0,28.65,27.2,27.45,27.45,1511.0,0.42
2015-05-28,27.2,28.0,26.15,27.4,27.7,2179.0,0.6
2015-05-27,27.6,27.85,27.1,27.35,27.35,1957.0,0.54
2015-05-26,28.0,28.0,27.6,27.7,27.7,4287.0,1.19
2015-05-25,28.3,28.3,27.7,27.7,28.05,2590.0,0.72
2015-05-22,27.55,27.9,27.15,27.35,27.4,3999.0,1.1
2015-05-21,28.15,28.25,27.6,27.6,27.6,1253.0,0.35
2015-05-20,28.4,28.4,27.3,28.15,27.8,7747.0,2.16
2015-05-19,27.4,27.9,27.4,27.45,27.45,1051.0,0.29
2015-05-18,28.2,28.2,27.15,27.2,27.2,4884.0,1.34
2015-05-15,28.6,28.6,27.4,27.9,27.5,6836.0,1.91
2015-05-14,28.0,28.0,27.15,27.5,27.4,7981.0,2.18
2015-05-13,27.75,28.5,27.15,27.8,27.75,6367.0,1.76
2015-05-12,28.3,28.3,27.2,27.2,27.2,3997.0,1.12
2015-05-11,28.45,28.45,27.45,28.1,27.85,35698.0,9.96
2015-05-08,27.65,28.2,27.1,27.6,27.35,50266.0,13.85
2015-05-07,28.0,28.45,27.55,27.55,27.75,4389.0,1.23
2015-05-06,29.95,30.0,27.6,28.0,28.0,23596.0,6.75
2015-05-05,29.5,29.8,28.9,29.1,29.1,22616.0,6.62
2015-05-04,28.95,30.0,28.75,29.55,29.25,17755.0,5.21
2015-04-30,27.75,28.6,27.25,28.0,28.35,1339.0,0.38
2015-04-29,27.75,29.0,27.25,28.2,28.2,2815.0,0.78
2015-04-28,28.0,29.25,27.8,28.0,28.25,1495.0,0.42
2015-04-27,29.7,29.9,27.0,28.0,28.0,30836.0,8.61
2015-04-24,28.75,28.75,28.5,28.5,28.5,6652.0,1.9
2015-04-23,29.0,30.0,28.6,29.0,28.9,3325.0,0.97
2015-04-22,28.65,30.0,28.6,29.0,29.25,10642.0,3.1
2015-04-21,28.1,29.4,28.1,28.7,28.7,7939.0,2.27
2015-04-20,28.8,30.0,28.1,28.1,28.2,9176.0,2.67
2015-04-17,30.3,30.4,28.65,29.1,28.85,23889.0,6.96
2015-04-16,30.85,31.8,29.9,30.0,30.1,8815.0,2.68
2015-04-15,30.3,32.0,30.0,31.0,30.7,13514.0,4.16
2015-04-13,33.8,34.0,27.65,30.2,30.5,43684.0,13.3
2015-04-10,34.85,34.85,29.55,30.75,30.85,24681.0,7.72
2015-04-09,32.4,33.0,30.4,32.7,32.95,7061.0,2.23
2015-04-08,32.5,34.9,32.25,32.6,32.75,18359.0,6.08
2015-04-07,32.0,32.0,30.7,31.3,31.15,5477.0,1.73
2015-04-06,29.5,31.9,29.25,31.45,31.05,5275.0,1.63
2015-04-01,27.6,29.95,27.6,29.95,29.9,3291.0,0.97
2015-03-31,28.0,28.8,27.1,27.55,28.3,31623.0,8.76
2015-03-30,26.0,27.65,26.0,27.0,27.0,4347.0,1.17
2015-03-27,28.45,28.45,25.35,25.6,25.6,24907.0,6.44
2015-03-26,26.7,27.0,26.0,26.3,26.4,12492.0,3.32
2015-03-25,27.35,27.45,26.6,26.95,26.9,17532.0,4.76
2015-03-24,27.35,28.5,27.1,27.25,27.2,68452.0,19.17
2015-03-23,29.7,29.7,27.2,27.9,27.9,8462.0,2.35
2015-03-20,28.15,30.9,27.15,27.3,27.55,11444.0,3.2
2015-03-19,28.25,31.45,28.25,30.25,30.0,30138.0,9.09
2015-03-18,28.8,31.0,27.35,27.9,27.9,16833.0,4.84
2015-03-17,30.85,30.85,27.55,28.4,28.95,22268.0,6.39
2015-03-16,31.95,32.0,26.65,28.0,28.25,32933.0,9.35
2015-03-13,30.55,31.2,29.0,29.0,29.6,7612.0,2.31
2015-03-12,31.2,31.5,29.4,29.95,30.1,17887.0,5.42
2015-03-11,32.25,33.35,30.55,31.15,31.15,24318.0,7.76
2015-03-10,33.5,33.5,32.5,32.6,32.6,11460.0,3.76
2015-03-09,33.1,33.4,32.5,32.5,32.6,4754.0,1.57
2015-03-05,33.5,33.9,32.0,33.25,33.2,7873.0,2.6
2015-03-04,33.65,34.85,32.25,33.2,33.05,24740.0,8.2
2015-03-03,33.0,36.65,33.0,33.0,33.0,11608.0,3.9
2015-03-02,33.0,33.9,32.05,33.0,32.8,32477.0,10.71
2015-02-28,33.0,33.5,32.6,33.0,33.0,6711.0,2.22
2015-02-27,32.35,33.1,31.5,32.95,32.9,10076.0,3.31
2015-02-26,32.0,33.95,32.0,33.35,32.5,2174.0,0.71
2015-02-25,34.85,34.85,31.0,32.75,32.5,16986.0,5.64
2015-02-24,35.5,35.9,33.1,33.5,33.55,12759.0,4.34
2015-02-23,35.6,36.45,33.8,34.55,34.4,17226.0,6.0
2015-02-20,35.7,36.8,35.1,36.2,36.25,17760.0,6.4
2015-02-19,35.0,36.0,34.5,35.5,35.7,12042.0,4.26
2015-02-18,39.75,39.75,34.3,35.8,35.4,16725.0,6.11
2015-02-16,36.4,37.0,36.0,36.25,36.25,3843.0,1.39
2015-02-13,37.25,38.0,35.45,38.0,36.7,3115.0,1.13
2015-02-12,37.0,37.95,36.2,37.25,37.25,5359.0,1.99
2015-02-11,34.9,39.8,33.8,36.55,35.95,20543.0,7.58
2015-02-10,34.0,34.4,33.0,33.2,33.6,2341.0,0.78
2015-02-09,34.8,35.0,32.5,33.7,33.55,17232.0,5.85
2015-02-06,36.15,37.0,35.1,35.2,35.15,18914.0,6.74
2015-02-05,37.0,37.75,36.15,36.55,36.55,9451.0,3.47
2015-02-04,37.05,38.0,36.5,37.0,37.05,7283.0,2.7
2015-02-03,37.0,37.9,36.2,36.25,36.5,1848.0,0.68
2015-02-02,37.65,39.8,36.35,37.75,37.5,18265.0,6.84
2015-01-30,38.45,39.85,38.15,38.15,38.2,4688.0,1.82
2015-01-29,39.6,40.55,38.05,38.3,38.9,9519.0,3.73
2015-01-28,38.65,40.5,38.65,39.95,38.9,3337.0,1.33
2015-01-27,38.6,39.5,38.5,38.5,38.8,3997.0,1.56
2015-01-23,41.65,41.65,38.5,39.0,39.0,8069.0,3.16
2015-01-22,38.4,40.0,38.2,38.3,38.45,7009.0,2.74
2015-01-21,40.75,41.0,38.5,38.55,39.05,7873.0,3.11
2015-01-20,38.5,41.85,38.35,40.3,40.45,18590.0,7.6
2015-01-19,39.0,40.55,37.1,38.9,38.85,6307.0,2.47
2015-01-16,39.95,41.5,38.0,39.1,38.9,9630.0,3.84
2015-01-15,39.8,41.0,38.1,38.3,39.25,7553.0,2.97
2015-01-14,38.5,42.0,38.3,40.0,40.0,8522.0,3.49
2015-01-13,41.0,41.9,39.0,39.85,39.25,4062.0,1.63
2015-01-12,41.0,41.8,38.3,41.5,41.05,9847.0,4.04
2015-01-09,38.1,42.0,37.65,41.2,40.65,21703.0,8.8
2015-01-08,37.0,39.0,37.0,38.85,38.3,21847.0,8.29
2015-01-07,38.9,38.9,35.4,36.25,36.55,9892.0,3.68
2015-01-06,40.8,40.8,36.4,37.25,37.45,3551.0,1.34
2015-01-05,39.0,43.5,34.25,38.1,38.95,18737.0,7.33
2015-01-02,33.6,39.5,33.25,39.0,38.6,57513.0,21.59
2015-01-01,34.0,34.7,32.9,33.65,34.25,3646.0,1.22
2014-12-31,32.4,34.0,31.5,33.05,33.05,9393.0,3.08
2014-12-30,32.0,33.75,31.45,33.5,32.4,3026.0,0.98
2014-12-29,34.0,34.0,31.85,32.0,32.45,21508.0,7.02
2014-12-26,32.0,35.7,32.0,33.5,33.3,4889.0,1.64
2014-12-24,34.0,35.95,32.5,33.0,33.2,8666.0,2.9
2014-12-23,34.0,36.45,33.2,33.85,34.1,4333.0,1.52
2014-12-22,36.0,36.45,33.55,34.4,34.55,14899.0,5.12
2014-12-19,36.0,36.4,34.55,35.1,35.55,9044.0,3.22
2014-12-18,33.6,35.5,33.35,34.1,34.95,6292.0,2.17
2014-12-17,33.2,36.5,32.6,33.3,33.5,13523.0,4.52
2014-12-16,37.0,37.95,32.7,34.0,34.0,6090.0,2.1
2014-12-15,36.9,38.95,35.0,35.0,35.15,3395.0,1.2
2014-12-12,37.0,37.65,35.55,36.4,35.85,7598.0,2.76
2014-12-11,37.0,37.25,35.75,36.35,36.7,4530.0,1.65
2014-12-10,37.0,38.65,36.4,36.8,37.25,5938.0,2.22
2014-12-09,37.85,39.5,36.1,37.5,36.7,15777.0,5.85
2014-12-08,39.5,39.5,37.35,38.7,37.85,8703.0,3.32
2014-12-05,39.5,40.0,38.3,39.0,38.9,12430.0,4.86
2014-12-04,41.0,41.0,38.1,38.7,39.05,10349.0,4.07
2014-12-03,38.85,40.05,38.85,39.9,39.85,5502.0,2.19
2014-12-02,39.0,42.75,38.25,38.8,39.0,8875.0,3.46
2014-12-01,44.5,44.5,37.65,39.55,39.55,4905.0,1.95
2014-11-28,41.0,41.0,38.8,39.75,39.85,24047.0,9.62
2014-11-27,41.0,41.8,40.0,40.5,40.15,7207.0,2.92
2014-11-26,38.0,47.0,38.0,39.5,40.05,12878.0,5.29
2014-11-25,40.8,41.8,39.15,39.95,39.7,23354.0,9.32
2014-11-24,40.0,42.4,39.2,41.5,40.8,5035.0,2.07
2014-11-21,43.0,43.0,40.7,41.85,40.9,6745.0,2.77
2014-11-20,42.0,43.0,40.0,41.0,40.5,11080.0,4.55
2014-11-19,43.55,43.9,41.1,43.0,42.8,9338.0,4.03
2014-11-18,43.3,43.9,41.8,42.75,43.3,17101.0,7.34
2014-11-17,43.0,44.8,42.55,42.95,43.1,51717.0,22.55
2014-11-14,39.55,44.0,39.05,43.45,43.0,35297.0,14.85
2014-11-13,38.1,39.5,37.0,38.5,38.85,12529.0,4.8
2014-11-12,40.0,40.9,37.8,38.75,38.15,15111.0,5.92
2014-11-11,40.05,40.9,37.7,40.0,39.7,10169.0,4.06
2014-11-10,41.0,41.5,40.05,40.05,40.4,3602.0,1.47
2014-11-07,41.0,42.75,40.25,40.25,40.65,21387.0,8.81
2014-11-05,42.15,43.95,40.9,42.0,41.55,20348.0,8.58
2014-11-03,44.0,44.0,41.0,42.25,42.3,18186.0,7.8
2014-10-31,41.1,43.85,41.1,42.95,42.75,17585.0,7.46
2014-10-30,41.05,42.8,39.75,41.95,40.65,17088.0,7.05
2014-10-29,42.5,43.5,40.55,41.7,41.45,32587.0,13.63
2014-10-28,42.95,44.2,38.3,41.25,41.15,130907.0,54.63
2014-10-27,51.0,51.0,46.2,47.05,47.65,32965.0,15.69
2014-10-23,49.45,49.45,45.3,48.5,47.1,16466.0,7.78
2014-10-22,48.45,48.8,45.85,46.2,47.1,42778.0,20.42
2014-10-21,43.0,47.2,42.25,47.2,46.9,33680.0,15.61
2014-10-20,48.4,49.95,40.25,42.6,42.85,27795.0,12.58
2014-10-17,51.5,51.5,47.0,48.0,47.95,7203.0,3.46
2014-10-16,52.0,52.55,47.2,48.85,47.85,9191.0,4.57
2014-10-14,52.65,53.9,51.7,51.75,52.0,7083.0,3.74
2014-10-13,54.35,54.35,52.65,52.65,52.9,2966.0,1.57
2014-10-10,54.3,57.45,53.2,53.5,53.75,16381.0,8.9
2014-10-09,58.5,59.0,53.85,55.1,55.15,14270.0,7.99
2014-10-08,57.0,59.5,56.05,57.0,57.25,8385.0,4.81
2014-10-07,59.9,59.9,56.9,58.0,57.55,5402.0,3.14
2014-10-01,57.05,60.0,56.85,59.5,57.7,3545.0,2.06
2014-09-30,55.55,60.0,55.55,58.5,58.65,30739.0,17.91
2014-09-29,57.5,57.5,54.5,56.5,56.2,5747.0,3.23
2014-09-26,52.0,54.0,47.9,53.0,52.95,20561.0,10.57
2014-09-25,58.0,58.0,51.6,53.9,53.2,9014.0,4.91
2014-09-24,54.0,58.7,54.0,56.05,56.2,11449.0,6.48
2014-09-23,60.0,60.9,56.2,56.3,57.5,22589.0,13.22
2014-09-22,59.5,62.0,57.0,57.5,58.15,70153.0,41.58
2014-09-19,63.0,63.0,59.5,59.9,60.2,13226.0,7.96
2014-09-18,60.8,62.5,59.55,61.05,61.25,11402.0,6.98
2014-09-17,58.4,60.95,58.4,59.05,59.1,7721.0,4.6
2014-09-16,63.45,63.45,58.5,59.0,59.2,20903.0,12.77
2014-09-15,61.0,63.75,60.0,62.2,62.05,27271.0,16.92
2014-09-12,60.9,61.5,59.3,60.05,60.05,7526.0,4.54
2014-09-11,61.0,62.5,58.25,60.4,60.3,10208.0,6.2
2014-09-10,60.0,62.95,59.3,60.55,60.1,19444.0,11.86
2014-09-09,63.4,63.55,60.0,60.2,60.4,13257.0,8.05
2014-09-08,60.75,63.8,57.75,61.4,61.7,26786.0,16.47
2014-09-05,59.05,60.7,57.15,58.95,58.45,11925.0,7.05
2014-09-04,59.0,60.85,58.0,59.35,58.95,10628.0,6.24
2014-09-03,61.15,62.9,57.0,59.25,59.1,23194.0,13.84
2014-09-02,60.75,60.85,59.75,60.0,60.0,8311.0,5.01
2014-09-01,59.85,61.55,58.15,58.25,59.65,19780.0,11.86
2014-08-28,63.65,63.7,60.25,60.3,61.05,8865.0,5.46
2014-08-27,61.65,62.45,60.2,61.4,61.65,21995.0,13.6
2014-08-26,65.25,65.25,59.7,59.7,60.05,15076.0,9.21
2014-08-25,66.5,66.5,62.75,62.75,62.75,22450.0,14.3
2014-08-22,70.0,70.0,65.7,65.8,66.05,14221.0,9.46
2014-08-21,67.0,71.5,67.0,69.0,68.95,57349.0,40.4
2014-08-20,65.0,68.1,64.0,68.1,68.1,24900.0,16.71
2014-08-19,68.0,69.5,64.2,65.2,64.9,27567.0,18.28
2014-08-18,61.05,66.75,60.45,66.75,66.75,93270.0,58.29
2014-08-14,66.05,66.4,63.6,63.6,63.6,32333.0,20.66
2014-08-13,70.0,71.5,66.85,66.85,66.9,12861.0,8.77
2014-08-12,68.0,73.15,68.0,70.3,70.35,71123.0,51.03
2014-08-11,72.75,72.9,67.5,67.65,69.7,36662.0,25.74
2014-08-08,70.9,70.9,65.0,69.8,69.45,57519.0,39.11
2014-08-07,68.35,68.35,67.0,68.35,68.35,64447.0,44.01
2014-08-06,65.1,65.1,65.1,65.1,65.1,2451.0,1.6
2014-08-05,60.0,62.0,59.9,62.0,62.0,8346.0,5.13
2014-08-04,56.65,60.05,56.0,59.7,59.05,25280.0,14.99
2014-08-01,59.5,61.45,56.3,57.3,57.2,36660.0,21.83
2014-07-31,58.6,59.2,55.6,59.2,59.2,29451.0,17.34
2014-07-30,56.3,58.75,56.1,56.25,56.4,16511.0,9.41
2014-07-28,61.65,63.45,57.95,57.95,57.95,24428.0,14.42
2014-07-25,63.75,64.75,60.6,60.75,61.0,22207.0,13.64
2014-07-24,67.0,67.75,63.4,63.65,63.75,62276.0,39.97
2014-07-23,64.0,67.25,61.3,66.3,66.7,132385.0,86.92
2014-07-22,69.4,70.75,64.05,64.05,64.05,138403.0,92.07
2014-07-21,63.4,67.4,63.4,67.4,67.4,105834.0,70.29
2014-07-18,56.0,61.3,54.5,61.3,61.3,90117.0,54.27
2014-07-17,50.65,57.0,50.65,57.0,55.75,56728.0,30.95
2014-07-16,46.0,52.7,46.0,52.7,51.85,15151.0,7.74
2014-07-15,49.9,51.5,47.25,50.65,50.3,27217.0,13.65
2014-07-14,47.0,51.5,47.0,48.05,48.05,25455.0,12.5
2014-07-11,51.2,53.35,48.25,49.6,49.2,26517.0,13.31
2014-07-10,51.6,53.7,49.15,52.1,51.9,58962.0,30.08
2014-07-09,46.25,53.2,45.0,52.55,52.35,100925.0,52.01
2014-07-08,55.15,55.15,45.6,46.0,48.4,123467.0,64.63
2014-07-07,49.8,50.15,47.5,50.15,50.15,26686.0,13.36
2014-07-04,43.95,45.6,43.0,45.6,45.6,34675.0,15.51
2014-07-03,44.75,44.75,42.5,43.5,43.45,23235.0,10.09
2014-07-02,42.95,43.85,42.05,42.55,43.2,16451.0,7.08
2014-07-01,44.5,46.0,42.65,42.7,42.95,23930.0,10.35
2014-06-30,41.95,44.5,41.95,44.5,44.5,15811.0,6.96
2014-06-27,46.4,46.4,42.0,42.65,42.4,88068.0,39.09
2014-06-26,44.2,44.2,44.2,44.2,44.2,11413.0,5.04
2014-06-25,42.0,42.1,41.1,42.1,42.1,26180.0,11.0
2014-06-24,38.35,40.1,38.35,40.1,40.1,34604.0,13.83
2014-06-23,39.2,39.9,38.05,38.85,38.2,26614.0,10.48
2014-06-20,37.0,38.2,37.0,38.2,38.2,19891.0,7.57
2014-06-19,34.6,36.5,34.5,36.4,36.4,223784.0,78.51
2014-06-18,36.05,36.9,34.35,34.5,34.8,19464.0,6.91
2014-06-17,34.1,35.55,34.0,35.55,35.15,14228.0,5.0
2014-06-16,34.5,34.55,33.0,34.0,33.9,16214.0,5.49
2014-06-13,38.05,38.05,34.5,34.75,34.6,25049.0,8.99
2014-06-12,35.45,36.7,35.45,36.45,36.25,22603.0,8.16
2014-06-11,37.5,38.5,36.0,36.0,36.0,31226.0,11.56
2014-06-10,37.4,38.8,37.3,37.85,37.85,14363.0,5.48
2014-06-09,39.95,39.95,38.5,39.0,38.65,10865.0,4.25
2014-06-06,41.35,41.35,38.05,38.65,38.9,45957.0,18.06
2014-06-05,41.25,41.25,38.65,40.0,40.0,29884.0,11.98
2014-06-04,39.95,41.0,38.5,39.9,39.45,14357.0,5.68
2014-06-03,40.0,40.0,37.4,39.6,39.3,4100.0,1.61
2014-06-02,37.3,38.8,37.3,38.8,38.5,4006.0,1.52
2014-05-30,37.05,38.7,36.0,37.15,37.15,5470.0,2.06
2014-05-29,38.75,40.0,37.0,38.75,37.6,26871.0,10.22
2014-05-28,38.75,40.75,38.55,38.7,38.75,3907.0,1.52
2014-05-27,40.9,40.9,39.25,39.65,39.55,21073.0,8.38
2014-05-26,43.15,43.95,40.9,40.9,41.3,100020.0,42.9
2014-05-23,44.0,44.85,43.0,43.0,43.05,18643.0,8.11
2014-05-22,45.0,46.2,43.0,43.0,43.15,62006.0,27.69
2014-05-21,39.0,43.75,37.05,43.75,42.0,57267.0,23.62
2014-05-20,37.1,39.8,35.55,39.8,39.8,48021.0,18.66
2014-05-19,34.0,36.4,34.0,36.4,36.2,25139.0,8.92
2014-05-16,34.0,34.85,32.4,33.0,33.1,19609.0,6.63
2014-05-15,34.0,35.0,33.5,33.9,33.95,7499.0,2.57
2014-05-14,34.95,35.1,34.0,34.5,34.65,3476.0,1.2
2014-05-13,36.0,36.0,34.5,34.8,34.95,10197.0,3.59
2014-05-12,35.4,37.25,34.35,35.7,35.7,22405.0,7.96
2014-05-09,34.0,36.5,33.5,35.7,35.8,14240.0,4.98
2014-05-08,34.7,34.75,32.65,34.5,34.4,7154.0,2.45
2014-05-07,37.5,37.75,34.55,35.95,35.2,26848.0,9.46
2014-05-06,37.0,37.25,35.45,36.8,36.75,53665.0,19.7
2014-05-05,39.0,40.9,36.25,37.0,37.35,29223.0,11.21
2014-05-02,39.0,40.9,37.15,39.5,39.5,62721.0,24.49
2014-04-30,35.6,41.15,35.6,39.0,38.6,208893.0,82.38
2014-04-29,32.1,36.95,31.7,36.95,35.6,66158.0,22.77
2014-04-28,34.0,34.5,31.25,32.05,32.15,60144.0,19.9
2014-04-25,28.25,33.15,28.05,32.0,32.7,128020.0,40.61
2014-04-23,28.5,29.0,27.55,27.55,27.8,3560.0,1.0
2014-04-22,29.0,29.5,27.35,28.5,27.95,16438.0,4.69
2014-04-21,28.1,29.5,27.95,29.2,29.3,11742.0,3.38
2014-04-17,27.0,27.6,26.9,27.25,27.2,10565.0,2.86
2014-04-16,27.05,27.2,26.75,27.2,27.05,2417.0,0.65
2014-04-15,26.8,27.5,26.4,27.05,27.05,3943.0,1.07
2014-04-11,26.7,27.45,26.35,27.0,27.0,6560.0,1.77
2014-04-10,27.0,27.75,26.1,27.5,27.1,17892.0,4.82
2014-04-09,25.45,27.0,25.45,26.55,26.9,16814.0,4.49
2014-04-07,26.1,27.0,26.1,26.65,26.65,1359.0,0.36
2014-04-04,25.55,27.1,25.2,26.0,26.25,10801.0,2.82
2014-04-03,26.0,27.0,25.5,25.85,25.95,5116.0,1.36
2014-04-02,25.05,26.75,25.05,26.0,26.2,7924.0,2.04
2014-04-01,26.95,26.95,25.1,25.85,25.3,2078.0,0.53
2014-03-31,28.7,28.7,25.4,25.9,25.7,9181.0,2.4
2014-03-28,24.0,27.4,23.15,26.6,26.7,22881.0,6.0
2014-03-27,23.65,23.9,23.0,23.25,23.25,2847.0,0.66
2014-03-26,22.2,24.0,22.2,23.95,23.5,6417.0,1.51
2014-03-25,24.3,24.3,23.2,23.85,23.65,5903.0,1.38
2014-03-24,25.0,26.7,23.3,24.0,24.1,3280.0,0.79
2014-03-22,24.45,24.5,23.9,24.0,24.0,1264.0,0.3
2014-03-21,24.5,24.65,24.0,24.1,24.2,3336.0,0.81
2014-03-20,25.65,25.65,23.8,24.3,24.1,6681.0,1.62
2014-03-19,25.0,25.3,24.3,24.95,24.95,1678.0,0.42
2014-03-18,27.0,27.0,23.3,25.0,24.85,8213.0,2.01
2014-03-14,24.95,25.0,24.0,24.9,24.45,5792.0,1.41
2014-03-13,25.0,25.0,24.5,24.5,24.5,323.0,0.08
2014-03-12,24.6,25.3,24.25,24.6,24.6,10005.0,2.47
2014-03-11,25.35,25.35,24.65,24.95,24.95,1177.0,0.29
2014-03-10,24.3,25.25,24.25,25.1,25.1,3733.0,0.93
2014-03-07,24.15,25.4,24.15,24.2,24.3,17105.0,4.18
2014-03-06,24.2,24.95,23.85,24.35,24.0,15451.0,3.73
2014-03-05,23.85,24.6,23.85,24.1,24.1,1934.0,0.47
2014-03-04,24.0,24.95,24.0,24.4,24.4,5294.0,1.29
2014-03-03,24.25,25.0,24.2,24.5,24.65,6452.0,1.6
2014-02-28,26.35,26.35,24.25,24.3,24.4,11664.0,2.93
2014-02-26,24.8,25.5,24.35,24.55,24.4,3693.0,0.91
2014-02-25,24.6,25.1,24.6,24.75,24.75,1121.0,0.28
2014-02-24,25.25,29.3,24.75,24.75,24.9,8980.0,2.26
2014-02-21,27.9,27.9,25.4,25.75,25.5,1254.0,0.32
2014-02-20,26.0,26.0,25.0,25.65,25.3,4630.0,1.18
2014-02-19,26.5,26.5,25.9,25.9,25.9,2554.0,0.67
2014-02-18,27.0,27.75,26.35,26.35,26.8,2279.0,0.61
2014-02-17,27.0,27.95,26.2,27.0,27.0,4377.0,1.17
2014-02-14,26.95,27.95,25.6,26.65,26.75,15485.0,4.18
2014-02-13,24.35,26.25,24.35,26.25,25.55,1744.0,0.45
2014-02-12,26.05,26.25,25.5,25.8,25.55,3511.0,0.91
2014-02-11,25.85,26.45,25.45,25.75,26.05,4758.0,1.23
2014-02-10,26.15,26.75,26.1,26.75,26.1,1979.0,0.52
2014-02-07,26.35,26.7,25.85,26.0,25.95,3410.0,0.89
2014-02-06,26.7,27.0,26.05,26.5,26.2,2348.0,0.62
2014-02-05,26.25,27.15,26.25,26.75,26.6,980.0,0.26
2014-02-04,26.5,26.5,25.85,26.5,26.1,6101.0,1.59
2014-02-03,27.95,27.95,26.6,26.65,26.7,1488.0,0.4
2014-01-31,26.15,27.35,26.15,27.0,26.4,4161.0,1.13
2014-01-30,27.75,27.75,25.6,26.55,26.5,7488.0,1.99
2014-01-29,27.45,27.9,27.35,27.9,27.85,1300.0,0.36
2014-01-28,26.85,27.6,26.05,27.6,27.55,2335.0,0.62
2014-01-27,29.0,29.0,26.9,26.9,27.0,13812.0,3.78
2014-01-24,30.45,30.45,28.8,29.0,29.05,4776.0,1.41
2014-01-23,28.0,30.1,27.6,30.0,29.95,5747.0,1.69
2014-01-22,28.5,29.65,28.0,28.9,28.4,5278.0,1.5
2014-01-21,28.6,29.2,28.25,28.35,28.35,905.0,0.26
2014-01-20,28.0,28.55,27.55,28.3,28.35,1608.0,0.45
2014-01-17,29.25,29.35,28.35,28.4,28.5,2820.0,0.81
2014-01-16,29.85,30.45,28.3,28.3,29.25,2989.0,0.88
2014-01-15,31.45,31.65,29.55,29.6,30.0,6669.0,2.0
2014-01-14,30.4,30.45,29.8,30.0,30.05,5125.0,1.54
2014-01-13,31.1,32.45,30.05,30.85,30.75,19596.0,6.17
2014-01-10,31.65,32.45,31.05,31.5,31.2,12990.0,4.13
2014-01-09,32.5,32.6,30.95,31.25,31.5,124002.0,38.5
2014-01-08,30.8,31.5,30.0,30.5,30.7,124599.0,37.52
2014-01-07,30.25,30.25,29.0,29.45,29.3,3619.0,1.07
2014-01-06,30.1,30.5,30.05,30.2,30.1,1355.0,0.41
2014-01-03,29.2,30.6,29.2,30.45,30.4,8978.0,2.71
2014-01-02,32.0,32.0,29.05,29.95,29.45,12709.0,3.79
2014-01-01,30.7,30.7,29.15,29.8,30.45,8361.0,2.51
2013-12-31,29.75,29.95,29.05,29.05,29.45,14253.0,4.19
2013-12-30,29.65,30.0,29.35,29.35,29.85,3424.0,1.02
2013-12-27,30.15,30.75,29.3,29.55,29.5,9843.0,2.96
2013-12-26,31.0,31.55,29.55,30.35,30.15,8121.0,2.49
2013-12-24,29.0,31.15,29.0,30.0,29.95,19381.0,5.86
2013-12-23,28.75,29.6,28.3,29.0,29.0,2546.0,0.74
2013-12-20,29.1,29.5,28.35,29.0,29.05,4331.0,1.25
2013-12-19,29.0,30.3,28.65,29.3,29.3,3713.0,1.09
2013-12-18,29.6,30.5,28.45,29.8,29.25,23661.0,6.87
2013-12-17,28.7,29.95,28.0,28.3,28.4,10589.0,3.03
2013-12-16,28.55,29.5,28.55,28.7,28.7,2606.0,0.75
2013-12-13,28.7,29.7,28.7,28.75,28.8,2770.0,0.8
2013-12-12,28.1,29.0,28.1,28.9,28.7,6017.0,1.73
2013-12-11,29.15,29.65,29.0,29.3,29.05,3051.0,0.9
2013-12-10,31.0,31.0,28.8,29.55,29.1,5607.0,1.65
2013-12-09,31.75,31.75,28.7,29.25,29.3,24046.0,7.17
2013-12-06,31.5,31.9,30.0,31.0,30.85,4749.0,1.47
2013-12-05,33.55,33.55,30.85,31.75,31.7,5325.0,1.68
2013-12-04,32.2,33.5,31.05,31.55,31.6,9507.0,3.07
2013-12-03,34.3,35.9,32.4,32.6,32.8,41644.0,14.07
2013-12-02,29.5,34.4,28.0,34.0,32.65,47881.0,15.4
2013-11-29,28.5,29.5,28.5,29.0,29.15,4605.0,1.34
2013-11-28,28.0,29.4,28.0,29.0,28.55,726.0,0.21
2013-11-27,28.0,29.95,25.65,28.05,28.2,5132.0,1.42
2013-11-26,27.5,29.4,27.5,29.0,28.5,3209.0,0.92
2013-11-25,29.0,29.6,28.5,29.0,28.75,2112.0,0.61
2013-11-22,28.25,29.85,27.75,28.85,28.15,3571.0,1.01
2013-11-21,28.5,28.7,28.1,28.45,28.3,1670.0,0.47
2013-11-20,28.05,28.9,27.8,28.25,28.25,2567.0,0.74
2013-11-19,28.7,29.3,28.2,28.2,28.25,4503.0,1.29
2013-11-18,30.45,30.45,28.55,28.65,28.65,2459.0,0.72
2013-11-14,29.0,30.25,28.55,29.0,28.75,10339.0,3.01
2013-11-13,30.6,30.6,28.65,29.35,29.1,7245.0,2.12
2013-11-12,30.2,30.7,29.25,29.75,29.75,1462.0,0.44
2013-11-11,29.2,31.0,28.6,30.6,30.1,3149.0,0.96
2013-11-08,30.2,30.4,29.6,29.75,29.75,1648.0,0.49
2013-11-07,30.9,31.8,30.0,31.0,30.75,12694.0,3.91
2013-11-06,31.45,32.9,30.3,31.15,31.5,7251.0,2.3
2013-11-05,30.0,32.0,30.0,30.5,30.75,11201.0,3.46
2013-11-03,30.9,31.0,29.8,29.9,30.15,2531.0,0.77
2013-11-01,28.9,31.85,28.9,31.0,30.9,3646.0,1.11
2013-10-31,29.7,29.7,28.9,28.9,29.0,1444.0,0.42
2013-10-30,30.0,30.3,29.0,29.15,29.3,4390.0,1.3
2013-10-29,29.75,31.0,29.75,30.65,30.6,2047.0,0.63
2013-10-28,31.5,31.5,28.2,29.55,29.9,6330.0,1.89
2013-10-25,31.15,31.75,30.4,30.85,30.5,8449.0,2.62
2013-10-24,31.15,32.0,31.15,31.7,31.7,5825.0,1.84
2013-10-23,31.7,31.75,31.3,31.6,31.45,2313.0,0.73
2013-10-22,31.3,33.3,31.1,31.75,31.6,22495.0,7.18
2013-10-21,33.75,33.75,31.1,31.8,31.7,6840.0,2.18
2013-10-18,32.0,33.45,31.65,31.65,32.25,17915.0,5.8
2013-10-17,32.0,34.0,31.25,31.65,32.65,10371.0,3.36
2013-10-15,34.0,34.0,31.75,31.8,31.85,5897.0,1.93
2013-10-14,31.1,34.4,31.1,33.2,33.45,42976.0,14.35
2013-10-11,32.0,32.4,31.0,31.5,31.5,2257.0,0.71
2013-10-10,31.9,33.5,31.9,32.7,32.35,4960.0,1.61
2013-10-09,31.5,31.5,30.4,31.5,31.4,3965.0,1.23
2013-10-08,28.0,31.4,28.0,30.9,30.45,15384.0,4.66
2013-10-07,28.25,29.0,27.5,28.05,28.05,5421.0,1.52
2013-10-04,29.1,30.0,27.6,28.15,28.05,7585.0,2.13
2013-10-03,28.0,30.0,27.1,29.0,29.05,14268.0,3.99
2013-10-01,29.8,29.8,27.8,28.0,28.1,21597.0,6.09
2013-09-30,32.2,32.2,28.65,29.55,30.0,10037.0,3.0
2013-09-27,34.7,35.55,32.3,32.3,32.4,11267.0,3.76
2013-09-26,37.75,37.75,33.05,34.8,34.65,250921.0,89.42
2013-09-25,32.7,37.0,32.0,37.0,36.55,48799.0,17.3
2013-09-24,29.7,33.75,28.15,33.1,33.1,15668.0,5.01
2013-09-23,26.3,31.0,25.55,29.0,29.9,13275.0,3.88
2013-09-20,26.7,27.65,26.55,26.65,26.7,3995.0,1.08
2013-09-19,27.25,27.5,26.25,27.5,27.3,1644.0,0.45
2013-09-18,26.2,27.0,26.2,27.0,27.0,1510.0,0.41
2013-09-17,25.8,26.65,25.75,26.65,26.6,2703.0,0.71
2013-09-16,25.8,26.6,25.5,26.25,26.35,1983.0,0.52
2013-09-13,27.0,27.0,23.7,26.2,26.25,17449.0,4.48
2013-09-12,26.6,26.6,26.0,26.0,26.0,1474.0,0.39
2013-09-11,25.2,27.3,25.05,26.8,26.6,16639.0,4.31
2013-09-10,23.4,26.1,23.4,26.0,26.0,3226.0,0.81
2013-09-06,26.1,26.7,24.5,26.5,26.05,2866.0,0.73
2013-09-05,23.0,26.05,23.0,25.6,25.6,1694.0,0.43
2013-09-04,25.0,25.4,23.2,23.5,23.7,5519.0,1.33
2013-09-03,26.4,26.4,24.65,25.0,25.0,2572.0,0.66
2013-09-02,24.05,27.0,24.05,26.45,25.85,2305.0,0.61
2013-08-30,22.1,25.0,22.1,24.0,24.6,3146.0,0.76
2013-08-29,23.5,24.0,23.0,23.05,23.05,1206.0,0.28
2013-08-28,22.1,25.7,22.0,24.0,24.0,1823.0,0.41
2013-08-27,23.7,24.0,23.15,23.15,23.6,1266.0,0.3
2013-08-26,26.0,26.0,24.0,24.0,24.05,2092.0,0.52
2013-08-23,23.0,26.35,22.2,24.5,24.2,1145.0,0.28
2013-08-22,24.0,25.0,23.9,24.0,24.1,4856.0,1.17
2013-08-21,23.2,27.25,23.2,24.8,24.8,3370.0,0.85
2013-08-20,22.35,24.85,22.35,24.85,24.85,1213.0,0.3
2013-08-19,25.95,25.95,24.0,24.25,24.3,498.0,0.12
2013-08-16,27.9,27.9,24.0,24.0,24.5,3316.0,0.82
2013-08-14,26.3,30.3,25.5,25.5,26.0,3967.0,1.07
2013-08-13,26.05,28.45,25.1,26.55,27.8,1933.0,0.51
2013-08-12,26.0,26.15,23.95,26.0,26.0,5216.0,1.33
2013-08-08,22.7,25.9,22.7,23.8,23.8,1346.0,0.32
2013-08-07,22.35,25.0,22.35,24.8,24.25,1699.0,0.41
2013-08-06,24.85,26.0,23.4,24.9,24.15,7344.0,1.8
2013-08-05,27.45,27.45,25.0,26.0,26.0,3544.0,0.91
2013-08-02,28.5,29.15,25.2,27.45,27.45,2961.0,0.78
2013-08-01,27.0,27.5,25.55,27.45,26.85,1126.0,0.3
2013-07-31,26.5,27.0,26.0,27.0,27.0,1700.0,0.45
2013-07-30,26.85,28.85,26.05,26.75,26.1,8316.0,2.2
2013-07-29,26.65,29.6,26.65,27.25,27.25,4649.0,1.3
2013-07-26,30.1,31.9,28.2,28.25,28.2,4840.0,1.42
2013-07-25,32.5,32.5,30.5,30.5,30.7,19806.0,6.09
2013-07-24,32.7,32.7,32.05,32.55,32.15,1223.0,0.4
2013-07-23,32.5,33.4,32.0,32.7,32.7,3062.0,1.0
2013-07-22,32.0,34.4,32.0,32.35,32.4,1791.0,0.59
2013-07-19,32.3,33.75,32.3,32.5,32.5,1303.0,0.42
2013-07-18,33.0,34.5,32.35,33.45,33.45,1951.0,0.64
2013-07-17,32.0,35.7,32.0,33.0,33.05,4605.0,1.51
2013-07-16,31.3,33.5,31.3,33.35,32.85,1653.0,0.54
2013-07-15,32.0,35.95,32.0,33.65,33.65,2776.0,0.94
2013-07-12,32.0,34.0,32.0,33.85,33.8,1034.0,0.35
2013-07-11,32.0,34.75,32.0,33.0,33.45,3462.0,1.16
2013-07-10,32.0,34.9,32.0,33.05,33.5,3513.0,1.18
2013-07-09,32.1,35.0,32.1,33.95,33.9,227.0,0.08
2013-07-08,33.0,35.45,32.75,33.05,33.55,1516.0,0.51
2013-07-05,33.0,36.0,32.0,35.0,34.95,17785.0,6.24
2013-07-04,31.25,33.4,31.25,33.4,32.8,5664.0,1.85
2013-07-03,32.5,33.6,32.5,32.6,32.6,1518.0,0.5
2013-07-02,31.0,33.45,31.0,33.45,33.4,3991.0,1.33
2013-07-01,29.1,31.9,29.1,31.9,31.9,9406.0,2.99
2013-06-28,31.95,31.95,30.0,30.5,30.4,5759.0,1.75
2013-06-27,30.05,32.35,30.05,31.95,30.75,4877.0,1.51
2013-06-26,30.35,32.0,30.35,32.0,31.05,3252.0,1.0
2013-06-25,30.2,31.95,30.2,31.95,31.7,3747.0,1.17
2013-06-24,30.0,31.95,30.0,30.5,30.5,12847.0,3.96
2013-06-21,31.25,33.6,31.05,31.15,31.3,6329.0,2.04
2013-06-20,33.1,33.1,32.65,32.65,32.65,4796.0,1.57
2013-06-19,34.0,34.5,32.35,34.35,34.35,7552.0,2.52
2013-06-18,33.2,34.5,33.2,34.0,34.0,1884.0,0.64
2013-06-17,33.05,34.95,33.05,34.65,34.65,1556.0,0.53
2013-06-14,33.0,35.55,33.0,35.0,34.55,1524.0,0.53
2013-06-13,34.0,36.3,34.0,34.1,34.45,4328.0,1.48
2013-06-12,34.5,35.5,34.2,35.45,35.05,16486.0,5.75
2013-06-11,33.25,36.25,33.25,36.0,35.95,13526.0,4.76
2013-06-10,32.35,35.65,32.35,35.0,35.0,12815.0,4.47
2013-06-07,36.35,36.35,33.6,33.6,34.0,5739.0,1.98
2013-06-06,32.9,34.95,32.9,34.85,34.85,5449.0,1.85
2013-06-05,35.5,35.5,34.0,34.6,34.6,4410.0,1.51
2013-06-04,36.2,37.4,35.0,35.0,35.1,2702.0,0.96
2013-06-03,37.0,37.0,35.0,36.65,36.65,1008.0,0.36
2013-05-31,36.4,37.0,35.8,35.8,35.8,2336.0,0.84
2013-05-30,38.7,38.95,37.1,38.25,37.65,1994.0,0.76
2013-05-29,38.9,39.15,37.0,38.4,38.4,9205.0,3.52
2013-05-28,36.25,37.65,36.25,37.65,37.35,6532.0,2.45
2013-05-27,33.65,35.9,32.95,35.9,35.9,20093.0,7.06
2013-05-24,33.05,35.75,33.0,33.7,34.2,976.0,0.33
2013-05-23,34.3,36.25,34.2,34.2,34.2,12092.0,4.15
2013-05-22,35.0,37.8,35.0,35.9,35.95,3809.0,1.4
2013-05-21,37.5,37.6,35.9,36.0,36.5,7543.0,2.78
2013-05-20,36.5,37.0,36.0,37.0,37.0,6211.0,2.27
2013-05-17,37.5,38.3,36.7,36.75,36.85,9327.0,3.47
2013-05-16,39.45,39.45,37.45,38.0,38.0,2423.0,0.92
2013-05-15,37.95,38.3,36.7,37.65,37.9,4998.0,1.86
2013-05-14,37.7,37.7,35.65,36.5,36.5,1905.0,0.71
2013-05-13,37.2,38.4,36.0,36.05,36.05,3060.0,1.11
2013-05-11,36.35,38.6,36.35,38.6,36.95,232.0,0.09
2013-05-10,39.35,39.35,37.0,37.5,37.5,11785.0,4.5
2013-05-09,39.0,39.0,37.05,38.3,37.95,3716.0,1.39
2013-05-08,38.0,40.15,37.5,37.5,38.9,12940.0,5.08
2013-05-07,39.6,41.35,38.05,38.5,38.25,17473.0,6.77
2013-05-06,39.1,42.7,39.1,40.0,40.05,16194.0,6.56
2013-05-03,45.0,45.0,41.0,41.0,41.0,29903.0,12.62
2013-05-02,42.0,43.15,42.0,43.15,43.15,22340.0,9.63
2013-04-30,39.0,41.1,39.0,41.1,41.1,36172.0,14.84
2013-04-29,36.0,39.15,36.0,39.15,39.15,20178.0,7.78
2013-04-26,40.85,41.15,37.25,37.25,37.3,46840.0,18.85
2013-04-25,38.6,39.2,37.5,39.2,39.2,48855.0,19.13
2013-04-23,38.0,38.0,36.5,37.65,37.35,3854.0,1.45
2013-04-22,36.05,37.85,36.05,37.0,37.6,5069.0,1.89
2013-04-18,33.55,36.5,33.55,36.5,36.5,4339.0,1.58
2013-04-17,34.85,34.85,33.05,34.85,34.8,12461.0,4.29
2013-04-16,31.25,33.2,30.4,33.2,33.2,13072.0,4.13
2013-04-15,31.5,32.75,31.05,31.6,31.65,5127.0,1.63
2013-04-12,33.4,33.4,31.35,31.4,31.5,4933.0,1.56
2013-04-11,31.05,33.0,31.05,32.95,32.2,4960.0,1.58
2013-04-10,30.1,32.7,30.1,32.7,32.2,2501.0,0.8
2013-04-09,31.0,31.65,30.5,31.65,31.3,4323.0,1.35
2013-04-08,31.2,31.25,29.85,30.25,30.25,3693.0,1.13
2013-04-05,30.0,31.4,29.5,30.0,29.85,4051.0,1.23
2013-04-04,28.85,30.5,28.85,30.0,30.0,15476.0,4.61
2013-04-03,30.5,30.6,28.0,29.95,29.8,8104.0,2.37
2013-04-02,29.2,29.2,28.75,29.0,29.15,5678.0,1.65
2013-04-01,27.35,28.55,27.35,27.85,27.85,3720.0,1.06
2013-03-28,26.1,27.2,26.1,27.2,27.2,1102.0,0.29
2013-03-26,25.0,26.0,25.0,25.7,25.95,3001.0,0.77
2013-03-25,24.6,26.45,24.6,25.8,25.8,7957.0,2.07
2013-03-22,26.25,26.35,25.0,25.95,25.25,8380.0,2.12
2013-03-21,28.2,28.5,26.2,26.2,26.25,33656.0,9.54
2013-03-20,29.45,29.45,27.0,27.5,27.5,2328.0,0.65
2013-03-19,28.0,29.5,27.0,27.55,28.05,5855.0,1.65
2013-03-18,28.0,30.25,28.0,28.1,28.1,1009.0,0.29
2013-03-15,29.6,30.7,28.9,28.9,29.25,4084.0,1.2
2013-03-14,30.7,31.8,29.5,30.5,30.4,991.0,0.3
2013-03-13,29.9,31.0,29.9,30.4,30.4,792.0,0.24
2013-03-12,32.0,33.8,31.0,31.0,31.4,2535.0,0.81
2013-03-11,32.0,33.3,31.65,32.6,32.6,16712.0,5.4
2013-03-08,29.1,31.8,29.1,31.8,31.8,4294.0,1.32
2013-03-07,29.05,30.9,29.0,30.25,30.3,5462.0,1.63
2013-03-06,29.75,31.95,29.75,29.95,29.85,3641.0,1.13
2013-03-05,29.55,31.75,29.55,30.5,31.0,5597.0,1.73
2013-03-04,32.0,32.0,30.35,30.4,30.4,2519.0,0.78
2013-03-01,31.0,32.55,31.0,31.0,31.9,7270.0,2.3
2013-02-28,33.15,33.25,32.2,32.2,32.2,3600.0,1.17
2013-02-27,31.75,34.45,31.75,34.45,33.85,3215.0,1.09
2013-02-26,34.0,34.0,32.6,33.2,33.0,4330.0,1.42
2013-02-25,33.7,35.0,33.7,33.75,33.75,6376.0,2.18
2013-02-22,34.55,37.4,34.2,34.2,34.55,16978.0,5.99
2013-02-21,38.1,38.1,35.2,36.0,36.0,10051.0,3.6
2013-02-20,37.25,37.25,35.6,36.9,36.9,4012.0,1.48
2013-02-19,36.1,37.0,36.0,36.5,36.5,1738.0,0.63
2013-02-18,38.0,39.3,37.0,37.0,37.0,1212.0,0.46
2013-02-15,34.95,37.9,34.45,37.9,37.65,10341.0,3.74
2013-02-14,36.2,37.6,36.1,36.1,36.1,3336.0,1.23
2013-02-13,35.65,38.0,35.65,37.0,37.0,4357.0,1.6
2013-02-12,36.45,39.2,36.45,37.0,36.65,747.0,0.28
2013-02-11,36.8,40.0,36.8,37.75,37.75,1082.0,0.41
2013-02-08,38.55,39.2,38.1,38.95,38.15,2554.0,0.99
2013-02-07,40.05,41.95,40.05,40.05,40.1,19696.0,7.98
2013-02-06,42.85,42.85,40.1,42.0,41.65,7093.0,2.92
2013-02-05,41.0,42.95,40.45,40.65,41.25,3369.0,1.37
2013-02-04,41.05,43.95,41.05,42.55,42.55,5823.0,2.5
2013-02-01,42.0,43.5,42.0,42.35,42.05,2864.0,1.21
2013-01-31,42.0,44.5,42.0,42.35,43.15,5455.0,2.33
2013-01-30,44.9,44.9,43.0,43.15,43.2,6461.0,2.79
2013-01-29,45.0,45.0,43.0,43.7,43.7,5428.0,2.37
2013-01-28,40.05,44.25,40.05,44.25,44.05,22723.0,9.69
2013-01-25,42.15,42.15,42.15,42.15,42.15,749.0,0.32
2013-01-24,45.05,45.05,44.35,44.35,44.35,5142.0,2.29
2013-01-23,45.55,48.55,45.55,46.5,46.65,1701.0,0.8
2013-01-22,47.15,48.55,46.1,46.1,46.45,5983.0,2.84
2013-01-21,46.8,47.1,45.1,46.35,46.3,6894.0,3.22
2013-01-18,46.55,48.55,46.5,47.0,46.75,8935.0,4.21
2013-01-17,46.05,49.95,46.05,48.45,48.35,2046.0,0.99
2013-01-16,51.0,51.55,47.9,48.5,48.0,9091.0,4.44
2013-01-15,47.4,50.9,47.4,50.8,50.4,59570.0,30.08
2013-01-14,44.15,48.5,43.9,48.5,48.5,9227.0,4.25
2013-01-11,46.0,47.45,46.0,46.0,46.2,4228.0,1.97
2013-01-10,44.15,48.3,44.15,45.0,45.35,5515.0,2.55
2013-01-09,47.5,49.7,45.7,46.0,46.0,18606.0,8.75
2013-01-08,51.5,51.5,47.5,47.5,47.8,4973.0,2.39
2013-01-07,48.5,52.5,48.5,49.5,50.0,4422.0,2.2
2013-01-04,52.35,52.35,47.6,50.3,51.05,30679.0,15.45
2013-01-03,50.05,50.05,50.05,50.05,50.05,9348.0,4.68
2013-01-02,47.7,47.7,47.7,47.7,47.7,1569.0,0.75
2013-01-01,45.45,45.45,42.25,45.45,45.45,3828.0,1.71
2012-12-31,42.25,45.95,42.25,43.1,43.3,5451.0,2.36
2012-12-28,45.75,45.75,42.15,43.9,43.9,8432.0,3.67
2012-12-27,45.0,47.0,43.05,43.65,43.75,8997.0,3.97
2012-12-26,46.45,46.45,44.0,45.0,45.15,8164.0,3.67
2012-12-24,46.05,47.95,44.2,44.6,44.45,7657.0,3.52
2012-12-21,49.4,49.4,46.05,46.05,46.2,18335.0,8.54
2012-12-20,50.6,50.6,46.25,48.85,48.15,7847.0,3.78
2012-12-19,47.0,49.95,47.0,48.9,48.2,26551.0,12.87
2012-12-18,50.75,50.75,47.55,48.95,48.35,6633.0,3.21
2012-12-17,48.1,49.95,48.1,48.6,48.65,4739.0,2.3
2012-12-14,52.5,52.5,48.0,49.1,49.5,6611.0,3.31
2012-12-13,50.1,53.1,49.1,50.95,50.0,10410.0,5.23
2012-12-12,51.0,52.95,50.05,50.8,51.2,10698.0,5.5
2012-12-11,54.8,55.0,51.65,53.0,52.65,44986.0,24.03
2012-12-10,53.0,54.45,51.25,54.0,53.5,32114.0,17.05
2012-12-07,53.25,55.0,50.5,53.1,52.4,42058.0,22.11
2012-12-06,54.1,54.1,50.5,53.5,53.1,44593.0,23.3
2012-12-05,49.5,52.25,48.1,52.25,51.55,24194.0,12.11
2012-12-04,47.55,50.2,45.75,50.0,50.05,35627.0,17.62
2012-12-03,48.0,51.0,47.8,49.9,47.85,24512.0,11.75
2012-11-30,53.15,54.6,50.2,50.2,50.3,68343.0,35.16
2012-11-29,52.1,52.8,51.0,52.8,52.8,94055.0,49.44
2012-11-27,51.0,52.15,47.0,50.15,50.3,247272.0,126.07
2012-11-26,43.0,47.45,43.0,47.45,47.45,111908.0,52.44
2012-11-23,39.0,43.2,38.2,43.2,43.15,98000.0,41.71
2012-11-22,39.7,41.6,38.3,38.95,39.3,36623.0,14.67
2012-11-21,36.1,39.8,36.1,39.5,39.45,23760.0,9.24
2012-11-20,38.25,40.45,36.05,36.5,36.6,12776.0,4.82
2012-11-19,39.0,40.25,37.9,37.9,38.2,7248.0,2.81
2012-11-16,38.0,42.4,38.0,39.9,39.95,30426.0,12.34
2012-11-15,39.0,40.9,37.35,38.75,38.55,15432.0,5.98
2012-11-13,37.5,40.0,37.5,37.9,39.7,5742.0,2.24
2012-11-12,38.25,40.45,37.2,38.0,37.65,12727.0,4.88
2012-11-09,39.6,41.0,39.0,39.05,39.25,16603.0,6.65
2012-11-08,40.85,42.0,39.1,39.7,39.65,18765.0,7.51
2012-11-07,41.5,42.85,41.1,41.1,41.15,16579.0,6.93
2012-11-06,41.65,42.1,40.8,41.35,41.1,15777.0,6.52
2012-11-05,41.5,42.3,40.45,41.65,41.65,25346.0,10.51
2012-11-02,42.4,43.0,39.2,41.5,41.6,77823.0,32.3
2012-11-01,44.2,45.0,41.0,41.5,42.35,124973.0,53.63
2012-10-31,40.8,43.7,40.8,43.7,43.7,366204.0,158.85
2012-10-30,35.0,39.75,35.0,39.75,39.75,40967.0,15.72
2012-10-29,41.5,41.95,36.0,36.6,36.15,65630.0,24.49
2012-10-26,41.85,43.95,38.3,39.65,40.0,300558.0,124.72
2012-10-25,34.25,40.25,34.25,40.25,40.25,159512.0,62.97
2012-10-23,33.0,34.45,31.0,33.25,33.55,86833.0,28.82
2012-10-22,29.15,33.9,28.1,33.0,33.05,73175.0,23.78
2012-10-19,28.0,29.8,27.55,28.7,28.85,13193.0,3.8
2012-10-18,27.25,29.25,27.0,28.0,27.9,15138.0,4.18
2012-10-17,28.0,28.1,27.35,27.45,27.5,5470.0,1.52
2012-10-16,28.0,28.75,27.6,28.25,28.0,14185.0,3.97
2012-10-15,28.9,29.95,28.1,28.35,28.25,24511.0,6.95
2012-10-12,30.1,30.6,28.9,29.0,29.1,46473.0,13.89
2012-10-11,29.8,31.0,29.0,29.8,29.85,7822.0,2.34
2012-10-10,31.45,31.45,30.05,30.05,30.05,9649.0,2.93
2012-10-09,36.35,36.35,31.2,31.3,31.45,6221.0,1.98
2012-10-08,32.0,32.65,31.15,31.75,31.4,9850.0,3.14
2012-10-05,33.55,33.55,31.1,32.5,32.3,8123.0,2.6
2012-10-04,32.6,34.0,31.5,33.5,33.55,12640.0,4.2
2012-10-03,33.05,33.05,31.8,31.8,32.05,14014.0,4.55
2012-10-01,33.0,33.45,32.25,33.0,33.05,14037.0,4.62
2012-09-28,33.7,35.45,32.4,32.75,33.0,7295.0,2.44
2012-09-27,35.4,35.4,33.55,34.05,34.15,8310.0,2.84
2012-09-26,33.0,34.6,31.6,34.0,33.95,15817.0,5.33
2012-09-25,32.0,34.5,31.75,33.2,33.6,10774.0,3.57
2012-09-24,34.55,36.0,32.2,32.95,32.6,15811.0,5.39
2012-09-21,30.0,34.9,30.0,33.4,34.0,41556.0,13.92
2012-09-20,31.0,32.0,27.5,30.0,30.15,23430.0,7.14
2012-09-18,34.0,34.0,31.25,32.25,32.25,21479.0,6.99
2012-09-17,36.8,37.3,32.25,32.25,33.45,113071.0,39.47
2012-09-14,29.5,32.8,28.7,31.0,31.4,26725.0,8.32
2012-09-13,31.95,31.95,28.5,28.65,28.85,7916.0,2.32
2012-09-12,30.0,31.2,29.15,29.5,30.15,7635.0,2.3
2012-09-11,32.0,33.05,29.0,29.4,29.85,28409.0,8.71
2012-09-10,34.7,35.75,30.65,33.6,32.8,111886.0,37.27
2012-09-08,31.75,33.95,31.1,32.8,33.15,43753.0,14.47
2012-09-07,25.45,28.3,23.15,28.3,28.3,26581.0,6.96
2012-09-06,23.0,24.45,23.0,23.5,23.6,4018.0,0.96
2012-09-05,24.0,24.75,23.6,23.9,23.85,3837.0,0.92
2012-09-04,23.1,25.2,23.1,24.95,24.75,1873.0,0.46
2012-09-03,24.0,25.7,24.0,25.0,24.5,2344.0,0.57
2012-08-31,23.05,25.0,23.05,25.0,24.8,6369.0,1.57
2012-08-30,24.2,24.5,23.0,24.5,24.25,7745.0,1.83
2012-08-29,25.05,26.25,24.0,24.2,24.3,2543.0,0.63
2012-08-28,28.5,28.5,24.95,25.15,25.15,9947.0,2.52
2012-08-27,28.0,28.0,26.85,27.65,27.65,2802.0,0.77
2012-08-24,27.3,27.3,26.0,26.5,26.85,9163.0,2.45
2012-08-23,29.0,30.0,28.1,28.9,28.5,6262.0,1.83
2012-08-22,31.65,31.65,29.5,29.95,29.65,6214.0,1.86
2012-08-21,32.5,32.5,28.1,30.25,30.2,3811.0,1.15
2012-08-17,29.0,32.1,29.0,30.1,30.15,5021.0,1.53
2012-08-16,29.05,30.95,28.35,30.95,30.45,4192.0,1.24
2012-08-14,28.3,30.2,28.3,29.55,29.55,1501.0,0.45
2012-08-13,28.3,30.7,28.3,29.65,29.0,1170.0,0.34
2012-08-10,31.0,31.7,29.05,29.1,29.6,5677.0,1.73
2012-08-09,29.8,31.0,29.0,30.5,30.0,15097.0,4.49
2012-08-08,31.0,33.5,29.7,29.7,30.2,28752.0,8.89
2012-08-07,33.9,33.9,30.1,33.5,32.95,5481.0,1.8
2012-08-06,34.5,34.5,29.85,31.5,31.5,20489.0,6.32
2012-08-03,32.0,33.0,31.25,32.3,32.3,12897.0,4.16
2012-08-02,33.5,34.85,32.15,33.5,33.5,1552.0,0.51
2012-08-01,35.8,35.8,33.65,33.95,34.2,18083.0,6.21
2012-07-31,34.25,35.25,32.55,33.25,33.35,2979.0,1.01
2012-07-30,32.05,35.0,32.05,34.0,33.5,7979.0,2.66
2012-07-27,33.3,36.85,33.3,34.0,34.0,5668.0,1.97
2012-07-26,36.0,37.35,33.95,34.1,35.05,9005.0,3.18
2012-07-25,38.0,39.0,37.15,37.25,37.7,10381.0,3.99
2012-07-24,39.05,40.8,38.05,38.75,38.35,19912.0,7.8
2012-07-23,38.7,40.45,37.1,38.1,38.85,78910.0,31.07
2012-07-20,38.8,38.8,36.6,37.0,37.0,10904.0,4.1
2012-07-19,39.65,40.0,36.15,37.4,37.55,25670.0,10.0
2012-07-18,36.9,39.75,36.9,38.0,37.9,35833.0,13.86
2012-07-17,35.0,37.3,35.0,36.3,36.45,10362.0,3.8
2012-07-16,37.0,37.9,34.5,37.0,36.35,13459.0,4.96
2012-07-13,34.0,36.65,34.0,35.9,36.2,16155.0,5.81
2012-07-12,35.6,38.25,33.6,35.5,35.75,13726.0,4.79
2012-07-11,36.95,36.95,34.75,35.7,35.7,7177.0,2.55
2012-07-10,36.6,37.5,35.5,35.85,35.9,8785.0,3.22
2012-07-09,36.75,36.75,35.55,36.55,36.2,12044.0,4.34
2012-07-06,36.0,38.35,34.05,36.0,36.05,27067.0,9.94
2012-07-05,35.05,35.1,34.0,35.1,35.1,31155.0,10.82
2012-07-04,32.5,33.45,32.0,33.45,33.45,20635.0,6.81
2012-07-03,33.3,33.3,30.7,31.6,31.9,24475.0,7.96
2012-07-02,31.75,31.75,31.75,31.75,31.75,11188.0,3.55
2012-06-29,29.9,30.25,28.5,30.25,30.25,8817.0,2.66
2012-06-28,27.4,29.0,27.4,28.85,28.85,7983.0,2.29
2012-06-27,28.6,28.6,27.2,28.15,28.15,2236.0,0.62
2012-06-26,27.15,28.35,27.15,27.6,27.6,1480.0,0.41
2012-06-25,28.75,28.8,27.55,27.8,27.85,790.0,0.22
2012-06-22,26.7,28.7,26.7,27.6,27.6,1270.0,0.34
2012-06-21,27.25,28.5,27.25,27.7,27.7,1037.0,0.29
2012-06-20,29.6,29.6,28.1,28.1,28.1,1087.0,0.31
2012-06-19,28.5,28.55,27.1,28.55,28.25,2701.0,0.75
2012-06-18,28.55,28.55,27.0,27.25,27.25,8054.0,2.25
2012-06-15,27.05,28.65,26.35,27.0,27.2,2986.0,0.81
2012-06-14,27.4,28.8,27.4,27.4,27.4,2851.0,0.78
2012-06-13,27.7,28.75,27.5,28.75,28.25,2596.0,0.73
2012-06-12,28.0,28.9,27.3,27.55,28.75,8831.0,2.47
2012-06-11,28.2,29.4,28.2,28.3,28.3,3809.0,1.09
2012-06-08,28.4,29.55,28.0,28.15,28.15,5938.0,1.69
2012-06-07,29.5,30.05,27.6,28.15,28.15,8727.0,2.59
2012-06-06,26.5,28.65,26.5,28.65,28.65,8129.0,2.32
2012-06-05,27.25,27.3,26.85,27.3,27.3,7471.0,2.04
2012-06-04,24.95,26.0,24.9,26.0,26.0,6480.0,1.64
2012-06-01,26.7,28.0,26.2,26.2,26.2,9325.0,2.46
2012-05-31,28.45,28.5,27.5,27.55,27.55,9949.0,2.81
2012-05-30,31.4,31.4,28.5,28.5,28.5,10500.0,3.16
2012-05-29,29.95,29.95,29.95,29.95,29.95,2754.0,0.82
2012-05-28,27.5,28.55,27.5,28.55,28.55,2179.0,0.62
2012-05-25,27.2,27.2,26.5,27.2,27.2,8376.0,2.28
2012-05-24,25.05,25.95,25.05,25.95,25.95,5038.0,1.31
2012-05-23,23.0,24.75,22.8,24.75,24.75,16931.0,4.08
2012-05-22,23.5,23.6,23.5,23.6,23.6,208.0,0.05
2012-05-21,23.05,23.05,23.0,23.05,23.05,575.0,0.13
2012-05-18,23.0,23.65,22.85,23.6,23.2,1329.0,0.31
2012-05-17,24.0,25.45,23.3,24.0,24.0,2138.0,0.51
2012-05-16,24.35,25.0,24.35,24.35,24.35,1675.0,0.41
2012-05-15,25.6,26.05,25.6,25.6,25.6,8671.0,2.22
2012-05-14,27.05,27.05,26.9,26.9,26.9,2699.0,0.73
2012-05-11,28.5,29.45,28.3,28.3,28.3,1420.0,0.4
2012-05-10,32.0,32.0,29.75,29.75,29.75,5977.0,1.81
2012-05-09,31.65,31.65,30.0,31.5,31.3,10163.0,3.18
2012-05-08,30.0,30.15,29.3,30.15,30.15,7510.0,2.26
2012-05-07,27.5,28.75,26.05,28.5,28.75,4499.0,1.24
2012-05-04,27.0,28.4,26.5,27.85,27.4,24586.0,6.9
2012-05-03,27.05,27.05,25.55,27.05,27.05,51872.0,13.81
2012-05-02,25.8,25.8,25.8,25.8,25.8,7996.0,2.06
2012-04-30,25.95,26.3,23.8,24.75,24.6,21190.0,5.25
2012-04-28,25.05,25.05,25.05,25.05,25.05,4820.0,1.21
2012-04-27,23.9,23.9,23.9,23.9,23.9,9333.0,2.23
2012-04-26,22.8,22.8,22.8,22.8,22.8,8660.0,1.97
2012-04-25,21.75,21.75,21.75,21.75,21.75,9602.0,2.09
2012-04-24,20.7,20.75,20.55,20.75,20.75,14179.0,2.94
2012-04-23,19.0,19.8,18.9,19.8,19.8,7927.0,1.56
2012-04-20,18.9,19.85,18.9,18.9,18.9,2576.0,0.49
2012-04-19,19.1,19.25,19.1,19.25,19.25,1295.0,0.25
2012-04-18,19.2,19.35,19.2,19.3,19.3,2935.0,0.57
2012-04-17,19.55,19.55,19.55,19.55,19.55,2650.0,0.52
2012-04-16,20.55,21.0,20.0,20.05,20.0,7304.0,1.47
2012-04-13,19.95,20.55,19.95,20.05,20.05,7441.0,1.51
2012-04-12,19.5,19.6,19.1,19.6,19.6,3404.0,0.67
2012-04-11,18.8,18.85,18.55,18.85,18.7,485.0,0.09
2012-04-10,17.2,18.9,17.2,18.3,18.85,745.0,0.14
2012-04-09,17.65,18.0,17.6,18.0,18.0,3607.0,0.65
2012-04-04,18.6,18.6,18.05,18.05,18.05,3814.0,0.7
2012-04-03,16.8,17.9,16.8,17.9,17.75,10547.0,1.85
2012-04-02,16.0,17.15,16.0,17.15,17.05,5148.0,0.87
2012-03-30,17.5,17.5,16.1,16.35,16.35,1473.0,0.25
2012-03-29,15.65,16.85,15.65,16.8,16.8,360.0,0.06
2012-03-28,16.3,16.6,16.3,16.35,16.35,869.0,0.14
2012-03-27,15.95,17.55,15.95,17.0,17.0,7867.0,1.29
2012-03-26,16.1,16.75,16.1,16.75,16.75,1875.0,0.3
2012-03-23,17.85,17.85,16.25,16.75,16.75,1115.0,0.19
2012-03-22,17.75,17.75,16.75,17.0,17.0,7278.0,1.24
2012-03-20,18.0,18.0,16.75,16.9,16.95,2427.0,0.41
2012-03-19,18.7,18.7,17.05,17.05,17.15,6065.0,1.04
2012-03-16,18.5,18.5,17.7,17.9,17.9,4581.0,0.84
2012-03-15,17.0,17.85,17.0,17.85,17.65,916.0,0.16
2012-03-14,16.7,17.35,16.7,17.0,17.0,5677.0,0.97
2012-03-13,17.5,17.9,16.95,17.5,17.45,9760.0,1.7
2012-03-12,17.0,17.6,17.0,17.05,17.05,2751.0,0.47
2012-03-09,17.9,17.9,16.65,16.8,16.85,2071.0,0.36
2012-03-07,17.65,17.7,17.05,17.05,17.05,5164.0,0.89
2012-03-06,18.3,18.9,17.9,17.9,17.9,4337.0,0.78
2012-03-05,17.55,19.3,17.55,19.25,18.8,2095.0,0.38
2012-03-03,18.4,18.4,18.4,18.4,18.4,50.0,0.01
2012-03-02,20.1,20.45,19.25,19.35,19.3,8885.0,1.74
2012-03-01,20.75,20.75,19.55,20.25,20.25,1120.0,0.23
2012-02-29,19.9,20.3,18.85,20.1,20.2,6846.0,1.37
2012-02-28,18.95,19.4,18.55,19.4,19.35,15141.0,2.92
2012-02-27,19.95,19.95,18.5,18.5,18.5,8680.0,1.61
2012-02-24,21.1,21.1,19.1,19.45,19.45,14854.0,2.86
2012-02-23,21.0,21.0,20.1,20.1,20.1,2480.0,0.51
2012-02-22,23.35,23.35,21.15,21.15,21.15,33769.0,7.65
2012-02-21,22.25,22.25,22.25,22.25,22.25,6070.0,1.35
2012-02-17,21.2,21.2,21.2,21.2,21.2,2871.0,0.6
2012-02-16,20.2,20.2,20.2,20.2,20.2,235.0,0.05
2012-02-15,19.25,19.25,19.25,19.25,19.25,3100.0,0.6
2012-02-14,18.35,18.35,18.35,18.35,18.35,1086.0,0.2
2012-02-13,17.5,17.5,17.5,17.5,17.5,2564.0,0.45
2012-02-10,16.7,16.7,16.7,16.7,16.7,1961.0,0.33
2012-02-09,14.5,15.95,14.5,15.95,15.95,2271.0,0.36
2012-02-08,15.85,15.85,15.2,15.2,15.2,281.0,0.04
2012-02-07,16.4,16.4,15.2,15.5,15.7,8207.0,1.26
2012-02-06,14.55,16.05,14.55,16.05,15.95,4665.0,0.74
2012-02-03,14.1,15.3,14.1,15.3,15.3,500.0,0.07
2012-02-02,14.6,15.0,14.6,14.65,14.7,6728.0,1.0
2012-02-01,14.6,14.7,14.55,14.55,14.55,14815.0,2.16
2012-01-31,14.65,15.45,14.65,15.4,15.3,1317.0,0.2
2012-01-30,15.5,15.5,15.25,15.25,15.35,1502.0,0.23
2012-01-27,16.05,16.9,16.05,16.05,16.05,2810.0,0.46
2012-01-25,16.2,16.95,16.0,16.9,16.9,3623.0,0.6
2012-01-24,16.3,16.3,15.05,16.3,16.3,3157.0,0.51
2012-01-23,14.9,15.55,14.9,15.55,15.55,2236.0,0.34
2012-01-20,15.6,15.6,14.45,14.85,14.85,2113.0,0.31
2012-01-19,14.2,14.9,14.2,14.9,14.9,3333.0,0.49
2012-01-18,13.0,14.2,13.0,14.2,14.2,2892.0,0.41
2012-01-17,13.4,14.15,13.4,13.55,13.55,2736.0,0.38
2012-01-16,14.75,14.75,14.05,14.1,14.1,396.0,0.06
